Workbook

Sheet Sheet1
B1: ① | C1: ② | D1: ③ | E1: ④ | F1: ⑤ | G1: ⑥ | H1: ⑦ | I1: ⑧ | J1: ⑨ | K1: ⑩ | L1: ⑪ | M1: ⑫
A2: 46082 | B2: 5 | C2: 5 | D2: 5
A3: ㈰
B22: 宛先 | C22: 心行寺 | F22: 御中
A23: 報告書1 | B23: 施工場所 | C23: 江東区南砂
B24: 時間 | C24: 作業者 | D24: 対 象 害 虫 | F24: 使 用 薬 剤 | H24: 処 理 方 法 | J24: 薬 剤 使 用 量 | L24: 備 考 | N24: =LEFT("【駆除作業報告】"&CHAR(10)&"対象害虫/害獣："&TEXTJOIN(", ", TRUE, D25:D30)&CHAR(10)&"処理方法："&TEXTJOIN("・", TRUE, H25:H30)&CHAR(10)&"備考："&LEFT(TEXTJOIN("／", TRUE, L25:L30), 120)&CHAR(10)&"以上、施工完了しました。", 200) -> 【駆除作業報告】 対象害虫/害獣：ネズミ 処理方法：交換 備考：薬剤喫食なし 以上、施工完了しました。
A25: 46082 | B25: 9：00 | C25: 紺谷直人 | D25: ネズミ | F25: クマリン系粉剤 | H25: 交換 | J25: 100ｇ | L25: 薬剤喫食なし
A26: ㈰ | B26: 10：00
A27: ネズミ | B27: －
A31: 報告書2
B32: 時間 | C32: 作業者 | D32: 対 象 害 虫 | F32: 使 用 薬 剤 | H32: 処 理 方 法 | J32: 薬 剤 使 用 量 | L32: 備考欄 | N32: =LEFT("【駆除作業報告】"&CHAR(10)&"対象害虫/害獣："&TEXTJOIN(", ", TRUE, D33:D38)&CHAR(10)&"処理方法："&TEXTJOIN("・", TRUE, H33:H38)&CHAR(10)&"備考："&LEFT(TEXTJOIN("／", TRUE, L33:L38), 120)&CHAR(10)&"以上、施工完了しました。", 200) -> 【駆除作業報告】 対象害虫/害獣： 処理方法： 備考： 以上、施工完了しました。
A39: 報告書3
B40: 時間 | C40: 作業者 | D40: 対 象 害 虫 | F40: 使 用 薬 剤 | H40: 処 理 方 法 | J40: 薬 剤 使 用 量 | L40: 備 考 | N40: =LEFT("【駆除作業報告】"&CHAR(10)&"対象害虫/害獣："&TEXTJOIN(", ", TRUE, D41:D46)&CHAR(10)&"処理方法："&TEXTJOIN("・", TRUE, H41:H46)&CHAR(10)&"備考："&LEFT(TEXTJOIN("／", TRUE, L41:L46), 120)&CHAR(10)&"以上、施工完了しました。", 200) -> 【駆除作業報告】 対象害虫/害獣： 処理方法： 備考： 以上、施工完了しました。
A47: 報告書4
B48: 時間 | C48: 作業者 | D48: 対 象 害 虫 | F48: 使 用 薬 剤 | H48: 処 理 方 法 | J48: 薬 剤 使 用 量 | L48: 備 考 | N48: =LEFT("【駆除作業報告】"&CHAR(10)&"対象害虫/害獣："&TEXTJOIN(", ", TRUE, D49:D54)&CHAR(10)&"処理方法："&TEXTJOIN("・", TRUE, H49:H54)&CHAR(10)&"備考："&LEFT(TEXTJOIN("／", TRUE, L49:L54), 120)&CHAR(10)&"以上、施工完了しました。", 200) -> 【駆除作業報告】 対象害虫/害獣： 処理方法： 備考： 以上、施工完了しました。
A55: 報告書5
B56: 時間 | C56: 作業者 | D56: 対 象 害 虫 | F56: 使 用 薬 剤 | H56: 処 理 方 法 | J56: 薬 剤 使 用 量 | L56: 備 考 | N56: =LEFT("【駆除作業報告】"&CHAR(10)&"対象害虫/害獣："&TEXTJOIN(", ", TRUE, D57:D62)&CHAR(10)&"処理方法："&TEXTJOIN("・", TRUE, H57:H62)&CHAR(10)&"備考："&LEFT(TEXTJOIN("／", TRUE, L57:L62), 120)&CHAR(10)&"以上、施工完了しました。", 200) -> 【駆除作業報告】 対象害虫/害獣： 処理方法： 備考： 以上、施工完了しました。
A63: 報告書6
B64: 時間 | C64: 作業者 | D64: 対 象 害 虫 | F64: 使 用 薬 剤 | H64: 処 理 方 法 | J64: 薬 剤 使 用 量 | L64: 備 考 | N64: =LEFT("【駆除作業報告】"&CHAR(10)&"対象害虫/害獣："&TEXTJOIN(", ", TRUE, D65:D70)&CHAR(10)&"処理方法："&TEXTJOIN("・", TRUE, H65:H70)&CHAR(10)&"備考："&LEFT(TEXTJOIN("／", TRUE, L65:L70), 120)&CHAR(10)&"以上、施工完了しました。", 200) -> 【駆除作業報告】 対象害虫/害獣： 処理方法： 備考： 以上、施工完了しました。
A71: 報告書7
B72: 時間 | C72: 作業者 | D72: 対 象 害 虫 | F72: 使 用 薬 剤 | H72: 処 理 方 法 | J72: 薬 剤 使 用 量 | L72: 備 考 | N72: =LEFT("【駆除作業報告】"&CHAR(10)&"対象害虫/害獣："&TEXTJOIN(", ", TRUE, D73:D78)&CHAR(10)&"処理方法："&TEXTJOIN("・", TRUE, H73:H78)&CHAR(10)&"備考："&LEFT(TEXTJOIN("／", TRUE, L73:L78), 120)&CHAR(10)&"以上、施工完了しました。", 200) -> 【駆除作業報告】 対象害虫/害獣： 処理方法： 備考： 以上、施工完了しました。
A79: 報告書8
B80: 時間 | C80: 作業者 | D80: 対 象 害 虫 | F80: 使 用 薬 剤 | H80: 処 理 方 法 | J80: 薬 剤 使 用 量 | L80: 備 考 | N80: =LEFT("【駆除作業報告】"&CHAR(10)&"対象害虫/害獣："&TEXTJOIN(", ", TRUE, D81:D86)&CHAR(10)&"処理方法："&TEXTJOIN("・", TRUE, H81:H86)&CHAR(10)&"備考："&LEFT(TEXTJOIN("／", TRUE, L81:L86), 120)&CHAR(10)&"以上、施工完了しました。", 200) -> 【駆除作業報告】 対象害虫/害獣： 処理方法： 備考： 以上、施工完了しました。
A87: 報告書9
B88: 時間 | C88: 作業者 | D88: 対 象 害 虫 | F88: 使 用 薬 剤 | H88: 処 理 方 法 | J88: 薬 剤 使 用 量 | L88: 備 考 | N88: =LEFT("【駆除作業報告】"&CHAR(10)&"対象害虫/害獣："&TEXTJOIN(", ", TRUE, D89:D94)&CHAR(10)&"処理方法："&TEXTJOIN("・", TRUE, H89:H94)&CHAR(10)&"備考："&LEFT(TEXTJOIN("／", TRUE, L89:L94), 120)&CHAR(10)&"以上、施工完了しました。", 200) -> 【駆除作業報告】 対象害虫/害獣： 処理方法： 備考： 以上、施工完了しました。
A95: 報告書10
B96: 時間 | C96: 作業者 | D96: 対 象 害 虫 | F96: 使 用 薬 剤 | H96: 処 理 方 法 | J96: 薬 剤 使 用 量 | L96: 備 考 | N96: =LEFT("【駆除作業報告】"&CHAR(10)&"対象害虫/害獣："&TEXTJOIN(", ", TRUE, D97:D102)&CHAR(10)&"処理方法："&TEXTJOIN("・", TRUE, H97:H102)&CHAR(10)&"備考："&LEFT(TEXTJOIN("／", TRUE, L97:L102), 120)&CHAR(10)&"以上、施工完了しました。", 200) -> 【駆除作業報告】 対象害虫/害獣：ゴキブリ 処理方法：配置 備考：生息なし 以上、施工完了しました。
A97: 46082 | B97: 0.375 | C97: 紺谷直人 | D97: ゴキブリ | F97: ヒドラメチルノン | H97: 配置 | J97: 10ｇ | L97: 生息なし
A98: ㈰ | B98: 0.41666667
A99: ゴキブリ | B99: ＋

Sheet 防除作業報告書1
B2: 「ビル管理法」・「食品衛生法」・「労働安全衛生法」に定める備付帳簿用
H4: 防 除 作 業 完 了 報 告 書 | AH4: お客様控
B6: =Sheet1!C22&"" -> 心行寺 | AA6: =Sheet1!A25 -> 46082
Q7: =Sheet1!F22&"" -> 御中
B9: 管理責任者 | G9: 杉山 豊
B10: 作業責任者 | G10: =Sheet1!C25&"" -> 紺谷直人
B11: 作業員 | G11: =Sheet1!C26&""
B14: 毎度お引立に預り有難うございます。下記の通り作業完了いたしましたので結果と共に報告いたします。
B16: 施 工 日 時 | L16: =AA6 -> 46082 | AB16: 作業時間 | AG16: =Sheet1!B25 -> 9：00 | AL16: ～ | AM16: =Sheet1!B26 -> 10：00
B17: 施 工 場 所 | L17: =Sheet1!C23&"" -> 江東区南砂
B18: 施 工 内 容
B19: 対 象 害 虫 | I19: 使 用 薬 剤 | R19: 処 理 方 法 | X19: 薬 剤 使 用 量 | AE19: 備 考
B20: =Sheet1!D25&"" -> ネズミ | I20: =Sheet1!F25&"" -> クマリン系粉剤 | R20: =Sheet1!H25&"" -> 交換 | X20: =Sheet1!J25&"" -> 100ｇ | AE20: =Sheet1!L25&"" -> 薬剤喫食なし
B21: =Sheet1!D26&"" | I21: =Sheet1!F26&"" | R21: =Sheet1!H26&"" | X21: =Sheet1!J26&"" | AE21: =Sheet1!L26&""
B22: =Sheet1!D27&"" | I22: =Sheet1!F27&"" | R22: =Sheet1!H27&"" | X22: =Sheet1!J27&"" | AE22: =Sheet1!L27&""
B23: =Sheet1!D28&"" | I23: =Sheet1!F28&"" | R23: =Sheet1!H28&"" | X23: =Sheet1!J28&"" | AE23: =Sheet1!L28&""
B24: =Sheet1!D29&"" | I24: =Sheet1!F29&"" | R24: =Sheet1!H29&"" | X24: =Sheet1!J29&"" | AE24: =Sheet1!L29&""
B25: =Sheet1!D30&"" | I25: =Sheet1!F30&"" | R25: =Sheet1!H30&"" | X25: =Sheet1!J30&"" | AE25: =Sheet1!L30&""
B26: =Sheet1!N24&"" -> 【駆除作業報告】 対象害虫/害獣：ネズミ 処理方法：交換 備考：薬剤喫食なし 以上、施工完了しました。
B30: 生 息 状 況
B31: =Sheet1!A27&"" -> ネズミ | H31: =Sheet1!A28&"" | P31: =Sheet1!A29&"" | X31: =Sheet1!A30&""
B32: =Sheet1!B27&"" -> － | H32: =Sheet1!B28&"" | P32: =Sheet1!B29&"" | X32: =Sheet1!B30&""
C33: 上記の通り実施いたしました。 | Z33: 効果判定 | AD33: - ・ + ・ ++ ・ +++

Sheet 防除作業報告書2  
B2: 「ビル管理法」・「食品衛生法」・「労働安全衛生法」に定める備付帳簿用
H4: 防 除 作 業 完 了 報 告 書 | AH4: お客様控
B6: =Sheet1!C22&"" -> 心行寺 | AA6: =Sheet1!A33
Q7: =Sheet1!F22&"" -> 御中
B9: 管理責任者 | G9: 杉山 豊
B10: 作業責任者 | G10: =Sheet1!C33&""
B11: 作業員 | G11: =Sheet1!C34&""
B14: 毎度お引立に預り有難うございます。下記の通り作業完了いたしましたので結果と共に報告いたします。
B16: 施 工 日 時 | L16: =AA6 | AB16: 作業時間 | AG16: =Sheet1!B33 | AL16: ～ | AM16: =Sheet1!B34
B17: 施 工 場 所 | L17: =Sheet1!C23&"" -> 江東区南砂
B18: 施 工 内 容
B19: 対 象 害 虫 | I19: 使 用 薬 剤 | R19: 処 理 方 法 | X19: 薬 剤 使 用 量 | AE19: 備 考
B20: =Sheet1!D33&"" | I20: =Sheet1!F33&"" | R20: =Sheet1!H33&"" | X20: =Sheet1!J33&"" | AE20: =Sheet1!L33&""
B21: =Sheet1!D34&"" | I21: =Sheet1!F34&"" | R21: =Sheet1!H34&"" | X21: =Sheet1!J34&"" | AE21: =Sheet1!L34&""
B22: =Sheet1!D35&"" | I22: =Sheet1!F35&"" | R22: =Sheet1!H35&"" | X22: =Sheet1!J35&"" | AE22: =Sheet1!L35&""
B23: =Sheet1!D36&"" | I23: =Sheet1!F36&"" | R23: =Sheet1!H36&"" | X23: =Sheet1!J36&"" | AE23: =Sheet1!L36&""
B24: =Sheet1!D37&"" | I24: =Sheet1!F37&"" | R24: =Sheet1!H37&"" | X24: =Sheet1!J37&"" | AE24: =Sheet1!L37&""
B25: =Sheet1!D38&"" | I25: =Sheet1!F38&"" | R25: =Sheet1!H38&"" | X25: =Sheet1!J38&"" | AE25: =Sheet1!L38&""
B26: =Sheet1!N32&"" -> 【駆除作業報告】 対象害虫/害獣： 処理方法： 備考： 以上、施工完了しました。
B30: 生 息 状 況
B31: =Sheet1!A35&"" | H31: =Sheet1!A36&"" | P31: =Sheet1!A37&"" | X31: =Sheet1!A38&""
B32: =Sheet1!B35&"" | H32: =Sheet1!B36&"" | P32: =Sheet1!B37&"" | X32: =Sheet1!B38&""
C33: 上記の通り実施いたしました。 | Z33: 効果判定 | AD33: - ・ + ・ ++ ・ +++

Sheet 防除作業報告書3 
B2: 「ビル管理法」・「食品衛生法」・「労働安全衛生法」に定める備付帳簿用
H4: 防 除 作 業 完 了 報 告 書 | AH4: お客様控
B6: =Sheet1!C22&"" -> 心行寺 | AA6: =Sheet1!A41
Q7: =Sheet1!F22&"" -> 御中
B9: 管理責任者 | G9: 杉山 豊
B10: 作業責任者 | G10: =Sheet1!C41&""
B11: 作業員 | G11: =Sheet1!C42&""
B14: 毎度お引立に預り有難うございます。下記の通り作業完了いたしましたので結果と共に報告いたします。
B16: 施 工 日 時 | L16: =AA6 | AB16: 作業時間 | AG16: =Sheet1!B41 | AL16: ～ | AM16: =Sheet1!B42
B17: 施 工 場 所 | L17: =Sheet1!C23&"" -> 江東区南砂
B18: 施 工 内 容
B19: 対 象 害 虫 | I19: 使 用 薬 剤 | R19: 処 理 方 法 | X19: 薬 剤 使 用 量 | AE19: 備 考
B20: =Sheet1!D41&"" | I20: =Sheet1!F41&"" | R20: =Sheet1!H41&"" | X20: =Sheet1!J41&"" | AE20: =Sheet1!L41&""
B21: =Sheet1!D42&"" | I21: =Sheet1!F42&"" | R21: =Sheet1!H42&"" | X21: =Sheet1!J42&"" | AE21: =Sheet1!L42&""
B22: =Sheet1!D43&"" | I22: =Sheet1!F43&"" | R22: =Sheet1!H43&"" | X22: =Sheet1!J43&"" | AE22: =Sheet1!L43&""
B23: =Sheet1!D44&"" | I23: =Sheet1!F44&"" | R23: =Sheet1!H44&"" | X23: =Sheet1!J44&"" | AE23: =Sheet1!L44&""
B24: =Sheet1!D45&"" | I24: =Sheet1!F45&"" | R24: =Sheet1!H45&"" | X24: =Sheet1!J45&"" | AE24: =Sheet1!L45&""
B25: =Sheet1!D46&"" | I25: =Sheet1!F46&"" | R25: =Sheet1!H46&"" | X25: =Sheet1!J46&"" | AE25: =Sheet1!L46&""
B26: =Sheet1!N40&"" -> 【駆除作業報告】 対象害虫/害獣： 処理方法： 備考： 以上、施工完了しました。
B30: 生 息 状 況
B31: =Sheet1!A43&"" | H31: =Sheet1!A44&"" | P31: =Sheet1!A45&"" | X31: =Sheet1!A46&""
B32: =Sheet1!B43&"" | H32: =Sheet1!B44&"" | P32: =Sheet1!B45&"" | X32: =Sheet1!B46&""
C33: 上記の通り実施いたしました。 | Z33: 効果判定 | AD33: - ・ + ・ ++ ・ +++

Sheet 防除作業報告書4
B2: 「ビル管理法」・「食品衛生法」・「労働安全衛生法」に定める備付帳簿用
H4: 防 除 作 業 完 了 報 告 書 | AH4: お客様控
B6: =Sheet1!C22&"" -> 心行寺 | AA6: =Sheet1!A49
Q7: =Sheet1!F22&"" -> 御中
B9: 管理責任者 | G9: 杉山 豊
B10: 作業責任者 | G10: =Sheet1!C49&""
B11: 作業員 | G11: =Sheet1!C50&""
B14: 毎度お引立に預り有難うございます。下記の通り作業完了いたしましたので結果と共に報告いたします。
B16: 施 工 日 時 | L16: =AA6 | AB16: 作業時間 | AG16: =Sheet1!B49 | AL16: ～ | AM16: =Sheet1!B50
B17: 施 工 場 所 | L17: =Sheet1!C23&"" -> 江東区南砂
B18: 施 工 内 容
B19: 対 象 害 虫 | I19: 使 用 薬 剤 | R19: 処 理 方 法 | X19: 薬 剤 使 用 量 | AE19: 備 考
B20: =Sheet1!D49&"" | I20: =Sheet1!F49&"" | R20: =Sheet1!H49&"" | X20: =Sheet1!J49&"" | AE20: =Sheet1!L49&""
B21: =Sheet1!D50&"" | I21: =Sheet1!F50&"" | R21: =Sheet1!H50&"" | X21: =Sheet1!J50&"" | AE21: =Sheet1!L50&""
B22: =Sheet1!D51&"" | I22: =Sheet1!F51&"" | R22: =Sheet1!H51&"" | X22: =Sheet1!J51&"" | AE22: =Sheet1!L51&""
B23: =Sheet1!D52&"" | I23: =Sheet1!F52&"" | R23: =Sheet1!H52&"" | X23: =Sheet1!J52&"" | AE23: =Sheet1!L52&""
B24: =Sheet1!D53&"" | I24: =Sheet1!F53&"" | R24: =Sheet1!H53&"" | X24: =Sheet1!J53&"" | AE24: =Sheet1!L53&""
B25: =Sheet1!D54&"" | I25: =Sheet1!F54&"" | R25: =Sheet1!H54&"" | X25: =Sheet1!J54&"" | AE25: =Sheet1!L54&""
B26: =Sheet1!N48&"" -> 【駆除作業報告】 対象害虫/害獣： 処理方法： 備考： 以上、施工完了しました。
B30: 生 息 状 況
B31: =Sheet1!A51&"" | H31: =Sheet1!A52&"" | P31: =Sheet1!A53&"" | X31: =Sheet1!A54&""
B32: =Sheet1!B51&"" | H32: =Sheet1!B52&"" | P32: =Sheet1!B53&"" | X32: =Sheet1!B54&""
C33: 上記の通り実施いたしました。 | Z33: 効果判定 | AD33: - ・ + ・ ++ ・ +++

Sheet 防除作業報告書5
B2: 「ビル管理法」・「食品衛生法」・「労働安全衛生法」に定める備付帳簿用
H4: 防 除 作 業 完 了 報 告 書 | AH4: お客様控
B6: =Sheet1!C22&"" -> 心行寺 | AA6: =Sheet1!A57
Q7: =Sheet1!F22&"" -> 御中
B9: 管理責任者 | G9: 杉山 豊
B10: 作業責任者 | G10: =Sheet1!C57&""
B11: 作業員 | G11: =Sheet1!C58&""
B14: 毎度お引立に預り有難うございます。下記の通り作業完了いたしましたので結果と共に報告いたします。
B16: 施 工 日 時 | L16: =AA6 | AB16: 作業時間 | AG16: =Sheet1!B57 | AL16: ～ | AM16: =Sheet1!B58
B17: 施 工 場 所 | L17: =Sheet1!C23&"" -> 江東区南砂
B18: 施 工 内 容
B19: 対 象 害 虫 | I19: 使 用 薬 剤 | R19: 処 理 方 法 | X19: 薬 剤 使 用 量 | AE19: 備 考
B20: =Sheet1!D57&"" | I20: =Sheet1!F57&"" | R20: =Sheet1!H57&"" | X20: =Sheet1!J57&"" | AE20: =Sheet1!L57&""
B21: =Sheet1!D58&"" | I21: =Sheet1!F58&"" | R21: =Sheet1!H58&"" | X21: =Sheet1!J58&"" | AE21: =Sheet1!L58&""
B22: =Sheet1!D59&"" | I22: =Sheet1!F59&"" | R22: =Sheet1!H59&"" | X22: =Sheet1!J59&"" | AE22: =Sheet1!L59&""
B23: =Sheet1!D60&"" | I23: =Sheet1!F60&"" | R23: =Sheet1!H60&"" | X23: =Sheet1!J60&"" | AE23: =Sheet1!L60&""
B24: =Sheet1!D61&"" | I24: =Sheet1!F61&"" | R24: =Sheet1!H61&"" | X24: =Sheet1!J61&"" | AE24: =Sheet1!L61&""
B25: =Sheet1!D62&"" | I25: =Sheet1!F62&"" | R25: =Sheet1!H62&"" | X25: =Sheet1!J62&"" | AE25: =Sheet1!L62&""
B26: =Sheet1!N56&"" -> 【駆除作業報告】 対象害虫/害獣： 処理方法： 備考： 以上、施工完了しました。
B30: 生 息 状 況
B31: =Sheet1!A59&"" | H31: =Sheet1!A60&"" | P31: =Sheet1!A61&"" | X31: =Sheet1!A62&""
B32: =Sheet1!B59&"" | H32: =Sheet1!B60&"" | P32: =Sheet1!B61&"" | X32: =Sheet1!B62&""
C33: 上記の通り実施いたしました。 | Z33: 効果判定 | AD33: - ・ + ・ ++ ・ +++

Sheet 防除作業報告書6
B2: 「ビル管理法」・「食品衛生法」・「労働安全衛生法」に定める備付帳簿用
H4: 防 除 作 業 完 了 報 告 書 | AH4: お客様控
B6: =Sheet1!C22&"" -> 心行寺 | AA6: =Sheet1!A65
Q7: =Sheet1!F22&"" -> 御中
B9: 管理責任者 | G9: 杉山 豊
B10: 作業責任者 | G10: =Sheet1!C65&""
B11: 作業員 | G11: =Sheet1!C66&""
B14: 毎度お引立に預り有難うございます。下記の通り作業完了いたしましたので結果と共に報告いたします。
B16: 施 工 日 時 | L16: =AA6 | AB16: 作業時間 | AG16: =Sheet1!B65 | AL16: ～ | AM16: =Sheet1!B66
B17: 施 工 場 所 | L17: =Sheet1!C23&"" -> 江東区南砂
B18: 施 工 内 容
B19: 対 象 害 虫 | I19: 使 用 薬 剤 | R19: 処 理 方 法 | X19: 薬 剤 使 用 量 | AE19: 備 考
B20: =Sheet1!D65&"" | I20: =Sheet1!F65&"" | R20: =Sheet1!H65&"" | X20: =Sheet1!J65&"" | AE20: =Sheet1!L65&""
B21: =Sheet1!D66&"" | I21: =Sheet1!F66&"" | R21: =Sheet1!H66&"" | X21: =Sheet1!J66&"" | AE21: =Sheet1!L66&""
B22: =Sheet1!D67&"" | I22: =Sheet1!F67&"" | R22: =Sheet1!H67&"" | X22: =Sheet1!J67&"" | AE22: =Sheet1!L67&""
B23: =Sheet1!D68&"" | I23: =Sheet1!F68&"" | R23: =Sheet1!H68&"" | X23: =Sheet1!J68&"" | AE23: =Sheet1!L68&""
B24: =Sheet1!D69&"" | I24: =Sheet1!F69&"" | R24: =Sheet1!H69&"" | X24: =Sheet1!J69&"" | AE24: =Sheet1!L69&""
B25: =Sheet1!D70&"" | I25: =Sheet1!F70&"" | R25: =Sheet1!H70&"" | X25: =Sheet1!J70&"" | AE25: =Sheet1!L70&""
B26: =Sheet1!N64&"" -> 【駆除作業報告】 対象害虫/害獣： 処理方法： 備考： 以上、施工完了しました。
B30: 生 息 状 況
B31: =Sheet1!A67&"" | H31: =Sheet1!A68&"" | P31: =Sheet1!A69&"" | X31: =Sheet1!A70&""
B32: =Sheet1!B67&"" | H32: =Sheet1!B68&"" | P32: =Sheet1!B69&"" | X32: =Sheet1!B70&""
C33: 上記の通り実施いたしました。 | Z33: 効果判定 | AD33: - ・ + ・ ++ ・ +++

Sheet 防除作業報告書7
B2: 「ビル管理法」・「食品衛生法」・「労働安全衛生法」に定める備付帳簿用
H4: 防 除 作 業 完 了 報 告 書 | AH4: お客様控
B6: =Sheet1!C22&"" -> 心行寺 | AA6: =Sheet1!A73
Q7: =Sheet1!F22&"" -> 御中
B9: 管理責任者 | G9: 杉山 豊
B10: 作業責任者 | G10: =Sheet1!C73&""
B11: 作業員 | G11: =Sheet1!C74&""
B14: 毎度お引立に預り有難うございます。下記の通り作業完了いたしましたので結果と共に報告いたします。
B16: 施 工 日 時 | L16: =AA6 | AB16: 作業時間 | AG16: =Sheet1!B73 | AL16: ～ | AM16: =Sheet1!B74
B17: 施 工 場 所 | L17: =Sheet1!C23&"" -> 江東区南砂
B18: 施 工 内 容
B19: 対 象 害 虫 | I19: 使 用 薬 剤 | R19: 処 理 方 法 | X19: 薬 剤 使 用 量 | AE19: 備 考
B20: =Sheet1!D73&"" | I20: =Sheet1!F73&"" | R20: =Sheet1!H73&"" | X20: =Sheet1!J73&"" | AE20: =Sheet1!L73&""
B21: =Sheet1!D74&"" | I21: =Sheet1!F74&"" | R21: =Sheet1!H74&"" | X21: =Sheet1!J74&"" | AE21: =Sheet1!L74&""
B22: =Sheet1!D75&"" | I22: =Sheet1!F75&"" | R22: =Sheet1!H75&"" | X22: =Sheet1!J75&"" | AE22: =Sheet1!L75&""
B23: =Sheet1!D76&"" | I23: =Sheet1!F76&"" | R23: =Sheet1!H76&"" | X23: =Sheet1!J76&"" | AE23: =Sheet1!L76&""
B24: =Sheet1!D77&"" | I24: =Sheet1!F77&"" | R24: =Sheet1!H77&"" | X24: =Sheet1!J77&"" | AE24: =Sheet1!L77&""
B25: =Sheet1!D78&"" | I25: =Sheet1!F78&"" | R25: =Sheet1!H78&"" | X25: =Sheet1!J78&"" | AE25: =Sheet1!L78&""
B26: =Sheet1!N72&"" -> 【駆除作業報告】 対象害虫/害獣： 処理方法： 備考： 以上、施工完了しました。
B30: 生 息 状 況
B31: =Sheet1!A75&"" | H31: =Sheet1!A76&"" | P31: =Sheet1!A77&"" | X31: =Sheet1!A78&""
B32: =Sheet1!B75&"" | H32: =Sheet1!B76&"" | P32: =Sheet1!B77&"" | X32: =Sheet1!B78&""
C33: 上記の通り実施いたしました。 | Z33: 効果判定 | AD33: - ・ + ・ ++ ・ +++

Sheet 防除作業報告書8
B2: 「ビル管理法」・「食品衛生法」・「労働安全衛生法」に定める備付帳簿用
H4: 防 除 作 業 完 了 報 告 書 | AH4: お客様控
B6: =Sheet1!C22&"" -> 心行寺 | AA6: =Sheet1!A81
Q7: =Sheet1!F22&"" -> 御中
B9: 管理責任者 | G9: 杉山 豊
B10: 作業責任者 | G10: =Sheet1!C81&""
B11: 作業員 | G11: =Sheet1!C82&""
B14: 毎度お引立に預り有難うございます。下記の通り作業完了いたしましたので結果と共に報告いたします。
B16: 施 工 日 時 | L16: =AA6 | AB16: 作業時間 | AG16: =Sheet1!B81 | AL16: ～ | AM16: =Sheet1!B82
B17: 施 工 場 所 | L17: =Sheet1!C23&"" -> 江東区南砂
B18: 施 工 内 容
B19: 対 象 害 虫 | I19: 使 用 薬 剤 | R19: 処 理 方 法 | X19: 薬 剤 使 用 量 | AE19: 備 考
B20: =Sheet1!D81&"" | I20: =Sheet1!F81&"" | R20: =Sheet1!H81&"" | X20: =Sheet1!J81&"" | AE20: =Sheet1!L81&""
B21: =Sheet1!D82&"" | I21: =Sheet1!F82&"" | R21: =Sheet1!H82&"" | X21: =Sheet1!J82&"" | AE21: =Sheet1!L82&""
B22: =Sheet1!D83&"" | I22: =Sheet1!F83&"" | R22: =Sheet1!H83&"" | X22: =Sheet1!J83&"" | AE22: =Sheet1!L83&""
B23: =Sheet1!D84&"" | I23: =Sheet1!F84&"" | R23: =Sheet1!H84&"" | X23: =Sheet1!J84&"" | AE23: =Sheet1!L84&""
B24: =Sheet1!D85&"" | I24: =Sheet1!F85&"" | R24: =Sheet1!H85&"" | X24: =Sheet1!J85&"" | AE24: =Sheet1!L85&""
B25: =Sheet1!D86&"" | I25: =Sheet1!F86&"" | R25: =Sheet1!H86&"" | X25: =Sheet1!J86&"" | AE25: =Sheet1!L86&""
B26: =Sheet1!N80&"" -> 【駆除作業報告】 対象害虫/害獣： 処理方法： 備考： 以上、施工完了しました。
B30: 生 息 状 況
B31: =Sheet1!A83&"" | H31: =Sheet1!A84&"" | P31: =Sheet1!A85&"" | X31: =Sheet1!A86&""
B32: =Sheet1!B83&"" | H32: =Sheet1!B84&"" | P32: =Sheet1!B85&"" | X32: =Sheet1!B86&""
C33: 上記の通り実施いたしました。 | Z33: 効果判定 | AD33: - ・ + ・ ++ ・ +++

Sheet 防除作業報告書9
B2: 「ビル管理法」・「食品衛生法」・「労働安全衛生法」に定める備付帳簿用
H4: 防 除 作 業 完 了 報 告 書 | AH4: お客様控
B6: =Sheet1!C22&"" -> 心行寺 | AA6: =Sheet1!A89
Q7: =Sheet1!F22&"" -> 御中
B9: 管理責任者 | G9: 杉山 豊
B10: 作業責任者 | G10: =Sheet1!C89&""
B11: 作業員 | G11: =Sheet1!C90&""
B14: 毎度お引立に預り有難うございます。下記の通り作業完了いたしましたので結果と共に報告いたします。
B16: 施 工 日 時 | L16: =AA6 | AB16: 作業時間 | AG16: =Sheet1!B89 | AL16: ～ | AM16: =Sheet1!B90
B17: 施 工 場 所 | L17: =Sheet1!C23&"" -> 江東区南砂
B18: 施 工 内 容
B19: 対 象 害 虫 | I19: 使 用 薬 剤 | R19: 処 理 方 法 | X19: 薬 剤 使 用 量 | AE19: 備 考
B20: =Sheet1!D89&"" | I20: =Sheet1!F89&"" | R20: =Sheet1!H89&"" | X20: =Sheet1!J89&"" | AE20: =Sheet1!L89&""
B21: =Sheet1!D90&"" | I21: =Sheet1!F90&"" | R21: =Sheet1!H90&"" | X21: =Sheet1!J90&"" | AE21: =Sheet1!L90&""
B22: =Sheet1!D91&"" | I22: =Sheet1!F91&"" | R22: =Sheet1!H91&"" | X22: =Sheet1!J91&"" | AE22: =Sheet1!L91&""
B23: =Sheet1!D92&"" | I23: =Sheet1!F92&"" | R23: =Sheet1!H92&"" | X23: =Sheet1!J92&"" | AE23: =Sheet1!L92&""
B24: =Sheet1!D93&"" | I24: =Sheet1!F93&"" | R24: =Sheet1!H93&"" | X24: =Sheet1!J93&"" | AE24: =Sheet1!L93&""
B25: =Sheet1!D94&"" | I25: =Sheet1!F94&"" | R25: =Sheet1!H94&"" | X25: =Sheet1!J94&"" | AE25: =Sheet1!L94&""
B26: =Sheet1!N88&"" -> 【駆除作業報告】 対象害虫/害獣： 処理方法： 備考： 以上、施工完了しました。
B30: 生 息 状 況
B31: =Sheet1!A91&"" | H31: =Sheet1!A92&"" | P31: =Sheet1!A93&"" | X31: =Sheet1!A94&""
B32: =Sheet1!B91&"" | H32: =Sheet1!B92&"" | P32: =Sheet1!B93&"" | X32: =Sheet1!B94&""
C33: 上記の通り実施いたしました。 | Z33: 効果判定 | AD33: - ・ + ・ ++ ・ +++

Sheet 防除作業報告書10
B2: 「ビル管理法」・「食品衛生法」・「労働安全衛生法」に定める備付帳簿用
H4: 防 除 作 業 完 了 報 告 書 | AH4: お客様控
B6: =Sheet1!C22&"" -> 心行寺 | AA6: =Sheet1!A97 -> 46082
Q7: =Sheet1!F22&"" -> 御中
B9: 管理責任者 | G9: 杉山 豊
B10: 作業責任者 | G10: =Sheet1!C97&"" -> 紺谷直人
B11: 作業員 | G11: =Sheet1!C98&""
B14: 毎度お引立に預り有難うございます。下記の通り作業完了いたしましたので結果と共に報告いたします。
B16: 施 工 日 時 | L16: =AA6 -> 46082 | AB16: 作業時間 | AG16: =Sheet1!B97 -> 0.375 | AL16: ～ | AM16: =Sheet1!B98 -> 0.41666667
B17: 施 工 場 所 | L17: =Sheet1!C23&"" -> 江東区南砂
B18: 施 工 内 容
B19: 対 象 害 虫 | I19: 使 用 薬 剤 | R19: 処 理 方 法 | X19: 薬 剤 使 用 量 | AE19: 備 考
B20: =Sheet1!D97&"" -> ゴキブリ | I20: =Sheet1!F97&"" -> ヒドラメチルノン | R20: =Sheet1!H97&"" -> 配置 | X20: =Sheet1!J97&"" -> 10ｇ | AE20: =Sheet1!L97&"" -> 生息なし
B21: =Sheet1!D98&"" | I21: =Sheet1!F98&"" | R21: =Sheet1!H98&"" | X21: =Sheet1!J98&"" | AE21: =Sheet1!L98&""
B22: =Sheet1!D99&"" | I22: =Sheet1!F99&"" | R22: =Sheet1!H99&"" | X22: =Sheet1!J99&"" | AE22: =Sheet1!L99&""
B23: =Sheet1!D100&"" | I23: =Sheet1!F100&"" | R23: =Sheet1!H100&"" | X23: =Sheet1!J100&"" | AE23: =Sheet1!L100&""
B24: =Sheet1!D101&"" | I24: =Sheet1!F101&"" | R24: =Sheet1!H101&"" | X24: =Sheet1!J101&"" | AE24: =Sheet1!L101&""
B25: =Sheet1!D102&"" | I25: =Sheet1!F102&"" | R25: =Sheet1!H102&"" | X25: =Sheet1!J102&"" | AE25: =Sheet1!L102&""
B26: =Sheet1!N96&"" -> 【駆除作業報告】 対象害虫/害獣：ゴキブリ 処理方法：配置 備考：生息なし 以上、施工完了しました。
B30: 生 息 状 況
B31: =Sheet1!A99&"" -> ゴキブリ | H31: =Sheet1!A100&"" | P31: =Sheet1!A101&"" | X31: =Sheet1!A102&""
B32: =Sheet1!B99&"" -> ＋ | H32: =Sheet1!B100&"" | P32: =Sheet1!B101&"" | X32: =Sheet1!B102&""
C33: 上記の通り実施いたしました。 | Z33: 効果判定 | AD33: - ・ + ・ ++ ・ +++
